Temperatura ambiente,Tarifa da energia elétrica,IQB 1,IQB 2,IQB 3,IQB 4,IQB 5,IQB 6,IQB 7,IQB médio,IQB total,Recompensa total,Custo elétrico total,Custo de gás total,Custo de água total
23.0,1.0,0.10725293569540074,0.9105709200124862,0.990860773339946,1.0,1.0,0.9891124919870403,0.9897625046644863,0.8553656608141942,5.987559625699359,28.501032440374573,0.18150000000000005,0.7762127659574467,0.2975529221647779
23.0,1.25,0.10725293569540074,0.9105709112330485,0.9908909085135852,1.0,0.9901294005194123,1.0,0.9908332093852404,0.8556681950495266,5.989677365346687,28.427139894861575,0.22687500000000005,0.7718936170212765,0.29560331485058156
23.0,1.5,0.10931493475141944,0.9105357992485807,0.9907670007555515,0.989183889430894,0.9907070519076032,1.0,1.0,0.8557869537277212,5.9905086760940485,28.338292928169395,0.27225000000000005,0.7718936170212766,0.29785683527957046
23.0,1.75,0.10931493475141944,0.9105357958931071,0.9908300205937026,0.9913401962544414,1.0,0.9888713912496485,0.9897442518036719,0.8543766557922845,5.980636590545991,28.187557115151826,0.3176250000000001,0.780531914893617,0.2998439226845132
23.0,2.0,0.10931493475141944,0.9105357958163942,0.990800822906685,0.9892057824948739,0.9906676688342236,0.9914886421892137,1.0,0.85457337814183,5.98201364699281,28.108628567598686,0.3630000000000001,0.775595744680851,0.2998439226845132
23.0,2.25,0.11123750711963486,0.9104734034862079,0.9908183237007372,0.989213621670288,1.0,1.0,0.9908836017315501,0.8560894939583454,5.992626457708418,28.0782986999612,0.4083750000000001,0.7718936170212765,0.29618997155961213
