Temperatura ambiente,Tarifa da energia elétrica,IQB 1,IQB 2,IQB 3,IQB 4,IQB 5,IQB 6,IQB 7,IQB médio,IQB total,Recompensa total,Custo elétrico total,Custo de gás total,Custo de água total
19.0,1.0,0.007163257399782544,0.566259062337333,0.9783559599566152,0.9962116781387104,0.9789426874613125,0.9931231352046116,0.9957644879889004,0.7879743240696094,5.515820268487266,25.598187175527908,0.3337053074736118,0.9742765957446807,0.3392269562165167
19.0,1.25,0.007163257399782544,0.5662590750899658,0.9783453282648839,0.9962490852783958,0.9934013596344994,1.0,0.9958216261999876,0.7910342474096449,5.537239731867515,25.552337461373405,0.41714398661895435,0.964404255319149,0.3351689694071114
19.0,1.5,0.007163257399782544,0.5662590184543587,0.9783519154312199,1.0,0.9791670353119112,0.995918317023328,0.9796141775999446,0.7866391030315063,5.506473721220544,25.208270417635767,0.5005069554275531,0.9798297872340425,0.3432544903778103
19.0,1.75,0.007163257399782544,0.5789428328844203,0.9519114890233495,0.996264976460759,0.953115832822734,0.9795048374581552,0.9960662712173951,0.780424213895228,5.462969497266596,24.80685445802327,0.5801934389637207,0.9995744680851063,0.34803168229716297
19.0,2.0,0.007163257399782544,0.5789425694248184,0.9520652073477084,0.9961854239832976,0.9960687697483227,0.995936469667383,0.9793514137001502,0.7865304444673518,5.505713111271462,24.87397468610285,0.6629445311997983,0.9847659574468084,0.3439358504080578
19.0,2.25,0.007163257399782544,0.5789421921658808,0.952034258845651,0.9788612525181427,0.9961883227094732,1.0,0.9917812636603873,0.7864243638999024,5.504970547299317,24.724274688212187,0.7457364380128463,0.9711914893617022,0.33791368289700624
