Temperatura ambiente,Tarifa da energia elétrica,IQB 1,IQB 2,IQB 3,IQB 4,IQB 5,IQB 6,IQB 7,IQB médio,IQB total,Recompensa total,Custo elétrico total,Custo de gás total,Custo de água total
28.0,1.0,0.5618412207548918,0.9464774200011647,0.8194633196664758,0.9662917687510099,0.96806400672603,0.8587860469882691,0.9682226461218059,0.8698780612870924,6.089146429009647,29.431523770989052,0.15249600751105769,0.47819148936170214,0.23102486967536204
28.0,1.25,0.5618412183324923,0.9473378040956059,0.96520708558553,0.9671743548090674,0.8581146087807214,0.8887155681952736,0.8896508766117988,0.8682916452014985,6.078041516410489,29.285120503987724,0.19062822858378706,0.4892978723404255,0.2345327485567213
28.0,1.5,0.5618412237657869,0.9293773494824898,0.8190105007540435,0.9662703154916222,0.8576412312326026,0.9678162120137238,0.9688641079108382,0.8672601343787296,6.0708209406511076,29.182311137222868,0.22881805089896537,0.48127659574468085,0.23288086849005915
28.0,1.75,0.5618412194149243,0.9303738206053929,0.9668967781395905,0.9674478494088317,0.8583936204494291,0.9687913828620376,0.9690164822296231,0.88896587901569,6.22276115310983,29.9020377454879,0.26679522334107814,0.46029787234042546,0.2178797010386646
28.0,2.0,0.5618412236009294,0.9295558829072195,0.9668023201375128,0.9571663765481674,0.9680087504354765,0.8588659685409715,0.9681020328105298,0.8871917935686866,6.210342554980806,29.754738591562685,0.30515860856451094,0.4652340425531914,0.22142292365913785
28.0,2.25,0.5618412146919878,0.9292885908955,0.9668133212113519,0.9672939876184999,0.969090188512744,0.9688687814432586,0.9689532129217141,0.9045927567564366,6.332149297295056,30.320564108684778,0.34315645439700765,0.4454893617021276,0.2083801072943654
