Temperatura ambiente,Tarifa da energia elétrica,IQB 1,IQB 2,IQB 3,IQB 4,IQB 5,IQB 6,IQB 7,IQB médio,IQB total,Recompensa total,Custo elétrico total,Custo de gás total,Custo de água total
29.0,1.0,0.7058749392705764,0.9112378993826892,0.9454519413217245,0.9479618369998993,0.9489190941323302,0.9493327788637614,0.9496120939665865,0.908341511991081,6.358390583937568,30.92196379101884,0.13878999826863322,0.39674468085106385,0.19566445128067111
29.0,1.25,0.7058749392705764,0.9112378993826892,0.9364777235654228,0.9476271813917835,0.9489133088633024,0.9247966265180226,0.7587532120329672,0.8762401272892522,6.133680891024765,29.67635038410931,0.17348749783579154,0.4288297872340425,0.2162492881088898
29.0,1.5,0.7058749392705764,0.9112517763140445,0.9455001824042458,0.9478323925793596,0.9489243972247307,0.949520081673865,0.9496116758978127,0.9083593493378048,6.358515445364634,30.783798099885544,0.20818499740294982,0.39674468085106385,0.19566445128067111
29.0,1.75,0.7058749392705764,0.9112105341410272,0.9454226462040524,0.8184094700212796,0.9402137557993897,0.9488380388548819,0.9494885093259664,0.8884939848024533,6.219457893617173,29.9876210763177,0.24288249697010814,0.41525531914893615,0.2086480786790112
29.0,2.0,0.7058749392705764,0.9112396994727537,0.9363925849840765,0.9393180211653838,0.9487443496281763,0.9494390201273749,0.9496505897231464,0.9058084577673556,6.340659204371489,30.54668967150777,0.27757999653726645,0.4022978723404256,0.199148484934712
29.0,2.25,0.7058734628700001,0.9107112104648107,0.9453235852673467,0.9477997759792075,0.9489194498466637,0.949478212097129,0.9496476237031986,0.9082504743183366,6.3577533202283565,30.56931513170373,0.3119786154616708,0.39982978723404256,0.19566445128067111
