Temperatura ambiente,Tarifa da energia elétrica,IQB 1,IQB 2,IQB 3,IQB 4,IQB 5,IQB 6,IQB 7,IQB médio,IQB total,Recompensa total,Custo elétrico total,Custo de gás total,Custo de água total
18.0,1.0,0.0026974149045328657,0.42726309869516904,0.9973360406204341,0.9920265106877015,0.9802556329490625,0.9800434902327297,0.9889203333246661,0.7669346459163281,5.368542521414296,24.75049251597936,0.3707870982210203,1.0057446808510635,0.3449012137990135
18.0,1.25,0.0026974149045328657,0.42726309869516904,0.9973186205103559,0.9923807877020586,0.9802107651271104,0.9915992107785092,0.9887282135212988,0.7685997301770049,5.380198111239034,24.62665078667014,0.4634841820922498,1.0045106382978721,0.34286076704266266
18.0,1.5,0.0026974149045328657,0.42726309869516904,0.9972845662379723,0.9917411556677979,0.980024633826953,0.9889779689356676,0.9913388735186757,0.7684753873981098,5.379327711786769,24.446332224126923,0.5561783624192964,0.9971063829787234,0.34084322698960823
18.0,1.75,0.0026974149045328657,0.42726309869516904,0.9972729256939965,0.9923572557024972,0.9894685085510017,0.9897878249959524,0.9798833858496342,0.7683900591989692,5.378730414392784,24.261038538921188,0.6488745147286891,0.9940212765957447,0.3408432269896082
18.0,2.0,0.0026974149045328657,0.42726309869516904,0.9972477138125035,0.9920467124022574,0.9802459042193538,0.9902444070609119,0.9801055247071196,0.7671215394002641,5.369850775801848,24.013000666117396,0.7415696165676927,1.0082127659574467,0.34490121379901356
18.0,2.25,0.0026974149045328657,0.43238386123311723,0.9965951397640018,0.9924403869473063,0.9593535235185211,0.980333964149202,0.9893558467873614,0.7647371624720061,5.353160137304043,23.746089912041562,0.8293802578714741,1.015,0.3459502587357034
