Temperatura ambiente,Tarifa da energia elétrica,IQB 1,IQB 2,IQB 3,IQB 4,IQB 5,IQB 6,IQB 7,IQB médio,IQB total,Recompensa total,Custo elétrico total,Custo de gás total,Custo de água total
16.0,1.0,0.0002803004114778186,0.1952152604017081,0.8806889473193174,0.9681259772347719,0.9681995022656837,0.9683575186009318,0.9684321193538787,0.7070428036553957,4.94929962558777,22.625352836093683,0.5096666666666668,0.730141843971631,0.37167011454019977
16.0,1.25,0.0002803004114778186,0.18910673926840676,0.9102740356341127,0.9681660380123827,0.9682390302739013,0.968340377906032,0.9684417509985216,0.7104068960721193,4.972848272504835,22.52305190341419,0.6233333333333335,0.7272624113475176,0.36726038109580095
16.0,1.5,0.0002803004114778186,0.1961752628126884,0.8813390311044226,0.9680719001931553,0.9682073624139634,0.9683244451018725,0.9684340986332102,0.7072617715243986,4.95083240067079,22.12256095595618,0.7645000000000001,0.7305531914893616,0.3720478559084079
16.0,1.75,0.0002803004114778186,0.18910673926840676,0.9100021748502902,0.9680289714309596,0.9681883334350787,0.9683075391469318,0.9684356300175037,0.7103356697943785,4.972349688560649,22.027486288657798,0.8694583333333334,0.7280851063829786,0.36726038109580095
16.0,2.0,0.0002803004114778186,0.1875623830392302,0.9100834715113291,0.96794481093072,0.968164070885496,0.9683265384444009,0.9684072277048537,0.7101098289896439,4.970768802927507,21.78641461169201,0.9863333333333336,0.7280851063829786,0.3666776298958844
16.0,2.25,0.0002803004114778186,0.1875623830392302,0.9100851513472411,0.9679861243659421,0.9681844264957062,0.9683526563656958,0.9684271506011141,0.7101254560894867,4.970878192626407,21.539966879335445,1.1096249999999999,0.728496453900709,0.3666776298958844
