Temperatura ambiente,Tarifa da energia elétrica,IQB 1,IQB 2,IQB 3,IQB 4,IQB 5,IQB 6,IQB 7,IQB médio,IQB total,Recompensa total,Custo elétrico total,Custo de gás total,Custo de água total
20.0,1.0,0.015546930392886045,0.6619757104880594,0.9945264696398036,1.0,1.0,1.0,1.0,0.8102927300743927,5.672049110520749,26.527273427002253,0.30873090068474596,0.8965319148936169,0.3189784093383845
20.0,1.25,0.015905477242864913,0.6621084774205795,0.9719058732161855,0.9946610442702005,0.9951509684431429,0.9456968978279717,0.9953457561155925,0.7972534992195054,5.580774494536538,25.854053668856963,0.3860848701641205,0.9403404255319148,0.3373086379655672
20.0,1.5,0.016245263513070877,0.6622486488137905,0.9720351023590418,0.9952260121114644,1.0,0.995668577477911,1.0,0.8059176577536112,5.641423604275278,26.032317074495054,0.4633694373540539,0.9187446808510638,0.32931739132217197
20.0,1.75,0.016567045152494072,0.6869704656197851,0.9719879836776673,1.0,0.995577363912407,1.0,1.0,0.8101575511946218,5.671102858362353,26.04032557344501,0.541288008617906,0.9088723404255317,0.32374036070541173
20.0,2.0,0.016871595690243272,0.6870126377389258,0.972100997043901,1.0,0.9952162715872757,1.0,1.0,0.810171643151478,5.671201502060346,25.88581012338032,0.618731409082889,0.9088723404255319,0.3238622283300949
20.0,2.25,0.017159695081685637,0.6870493691238515,0.9721346167688254,1.0,1.0,1.0,0.9743627181174149,0.8072437712988253,5.650706399091777,25.616744673636106,0.6962535242060581,0.9162765957446807,0.3280036776659829
