Temperatura ambiente,Tarifa da energia elétrica,IQB 1,IQB 2,IQB 3,IQB 4,IQB 5,IQB 6,IQB 7,IQB médio,IQB total,Recompensa total,Custo elétrico total,Custo de gás total,Custo de água total
16.0,1.0,0.0002807571076492515,0.1906084106464823,0.9299630733722662,0.9692463121489695,0.9703818736605683,0.969478956954338,0.9658073189335807,0.7136809575462648,4.995766702823854,22.635386045352192,0.436713088739601,1.1063191489361701,0.36370214235170834
16.0,1.25,0.0002807571076492515,0.1906084106464823,0.93254801018863,0.9706020912577372,0.9572825256278218,0.9680301753501125,0.9694182681946305,0.7126814626247233,4.988770238373063,22.37554846353197,0.5460589430938156,1.1124893617021274,0.3636954804435854
16.0,1.5,0.0002807571076492515,0.1906084106464823,0.9325579268694311,0.9700376600778675,0.9678581388120451,0.9667272324958534,0.9673965364687396,0.713638094639724,4.995466662478068,22.213817017488218,0.6552774721099919,1.0933617021276594,0.3595996485544803
16.0,1.75,0.0002807571076492515,0.18918573096099756,0.9352122239897664,0.96995226067017,0.9697402550138045,0.9691249551160526,0.9367833267911508,0.7100399299499417,4.9702795096495915,21.844444649755008,0.7623699695441386,1.1149574468085106,0.3672555125961588
16.0,2.0,0.0002807571076492515,0.18918573096099756,0.9351709568823876,0.9690285108975286,0.9690757558997366,0.9687765824709007,0.9686108847228223,0.7143041684202889,5.000129178942022,21.790739133418285,0.8712449893447427,1.10631914893617,0.3610976336661764
16.0,2.25,0.0002807571076492515,0.18918573096099756,0.9351847091669236,0.9699933538124151,0.9697805096667488,0.9658822802509964,0.9684540666749446,0.7141087725200964,4.998761407640675,21.57036597742344,0.9801717135568808,1.1019999999999999,0.3610976336661765
