Temperatura ambiente,Tarifa da energia elétrica,IQB 1,IQB 2,IQB 3,IQB 4,IQB 5,IQB 6,IQB 7,IQB médio,IQB total,Recompensa total,Custo elétrico total,Custo de gás total,Custo de água total
19.0,1.0,0.007154495242495611,0.4691828103290324,1.0,1.0,1.0,1.0,1.0,0.7823339007959326,5.476337305571528,25.67509545241745,0.3721666666666667,0.624836879432624,0.33742086267423255
19.0,1.25,0.007154495242495611,0.5008257566791543,1.0,1.0,1.0,1.0,1.0,0.7868543217030928,5.50798025192165,25.629719660677544,0.47437500000000016,0.6248368794326241,0.3365947194980786
19.0,1.5,0.007154495242495611,0.46582823305785465,1.0,1.0,1.0,1.0,1.0,0.7818546754714786,5.47298272830035,25.31812532996059,0.539,0.630595744680851,0.3381925668603092
19.0,1.75,0.007154495242495611,0.5008257566791543,1.0,1.0,1.0,1.0,1.0,0.7868543217030928,5.50798025192165,25.263052994010884,0.6577083333333335,0.6248368794326241,0.3365947194980786
19.0,2.0,0.007154495242495611,0.5076312754856894,0.9958616561823072,1.0,1.0,1.0,1.0,0.7872353467014989,5.510647426910492,25.09665726643888,0.7443333333333336,0.6301843971631206,0.33772880428379115
19.0,2.25,0.007154495242495611,0.4675604289828301,1.0,0.9957470942356135,1.0,1.0,1.0,0.7814945740658484,5.470462018460939,24.74594750312183,0.8167500000000001,0.6326524822695034,0.34021010691336373
