Temperatura ambiente,Tarifa da energia elétrica,IQB 1,IQB 2,IQB 3,IQB 4,IQB 5,IQB 6,IQB 7,IQB médio,IQB total,Recompensa total,Custo elétrico total,Custo de gás total,Custo de água total
27.0,1.0,0.4377690935260421,0.9779451567136963,0.9845900802706897,0.9856932350322187,0.9861501373906103,0.9863423027227676,0.9864563427249226,0.906420906911564,6.344946348380947,30.77364734541801,0.19249999999999998,0.32866666666666666,0.2374177298200596
27.0,1.25,0.4377690935260421,0.9780099371626273,0.9846104598995895,0.9856425974652908,0.9823008499257431,0.9234179652384977,0.9865023842073637,0.896893326775022,6.278253287425154,30.223737122832475,0.2979166666666667,0.32496453900709216,0.24673144195286884
27.0,1.5,0.4377690935260421,0.9780034379709835,0.9485172498645225,0.9697432004592043,0.9853637978767879,0.9860881429490947,0.9862921092735378,0.8988252902743105,6.291777031920173,30.21808065948083,0.3327499999999999,0.3286666666666666,0.24663783345336965
27.0,1.75,0.4377690935260421,0.9780751170247648,0.9845525190327852,0.9856742107067117,0.9861206244825073,0.9863456393906612,0.9864553570754302,0.9064275087484146,6.344992561238902,30.485128409707787,0.33687499999999987,0.32866666666666666,0.2374177298200596
27.0,2.0,0.45118480234460445,0.9778819421064517,0.8310717340656141,0.9676604123651872,0.9698499005627026,0.9792273126234248,0.955405260064719,0.8760401948761006,6.132281364132704,29.20338192666175,0.42899999999999994,0.3426524822695035,0.2573724117322655
27.0,2.25,0.36382694254864906,0.9725808426041445,0.9843307517055888,0.9856530725793484,0.9861079662162782,0.9863316801458836,0.9564708576906835,0.890757444784368,6.235302113490576,29.995754490286227,0.29699999999999993,0.34429787234042547,0.2424582048262237
