Temperatura ambiente,Tarifa da energia elétrica,IQB 1,IQB 2,IQB 3,IQB 4,IQB 5,IQB 6,IQB 7,IQB médio,IQB total,Recompensa total,Custo elétrico total,Custo de gás total,Custo de água total
21.0,1.0,0.03704510326187321,0.4973830782592995,0.9500534227180871,1.0,1.0,1.0,0.9825938887051542,0.7810107847063449,5.4670754929444145,25.614153648759327,0.44916666666666677,0.5113049645390071,0.311585518090405
21.0,1.25,0.03704510326187321,0.6085163075355962,0.9494677970702403,1.0,1.0,1.0,1.0,0.7992898868382443,5.59502920786771,26.36899820151452,0.36666666666666675,0.5581985815602837,0.31461592293041424
21.0,1.5,0.03704510326187321,0.6085163069205606,0.9491516798213475,1.0,1.0,1.0,1.0,0.7992447271433972,5.594713090003781,26.227707120534618,0.4344999999999999,0.5602553191489361,0.316603010335357
21.0,1.75,0.03704510326187321,0.6085163062732639,1.0,1.0,1.0,1.0,1.0,0.8065087727907339,5.645561409535137,26.192103668367523,0.5710833333333334,0.5672482269503546,0.3262884856911462
21.0,2.0,0.03704510326187321,0.6085163053457273,1.0,0.9829483468974942,1.0,1.0,1.0,0.8040728222150134,5.628509755505094,26.161259233845644,0.5500000000000003,0.5647801418439716,0.31650940183585774
21.0,2.25,0.03704510326187321,0.6087449634718903,0.989156910787168,1.0,1.0,1.0,1.0,0.804992425360133,5.634946977520931,26.018422294168246,0.6270000000000002,0.5779432624113475,0.3243693310250616
