Temperatura ambiente,Tarifa da energia elétrica,IQB 1,IQB 2,IQB 3,IQB 4,IQB 5,IQB 6,IQB 7,IQB médio,IQB total,Recompensa total,Custo elétrico total,Custo de gás total,Custo de água total
21.0,1.0,0.023872486808727434,0.7933153162272222,1.0,1.0,1.0,1.0,1.0,0.8310268290051356,5.817187803035949,5.817187803035949,0.9313333333333332,0.5614893617021276,0.30890475713905485
21.0,1.25,0.03704510326187331,0.7923147955241768,1.0,1.0,1.0,1.0,1.0,0.8327656998265786,5.82935989878605,5.82935989878605,1.1733333333333333,0.5614893617021276,0.3124877568943981
21.0,1.5,0.03704510326187331,0.7923147955241768,1.0,1.0,1.0,1.0,1.0,0.8327656998265786,5.82935989878605,5.82935989878605,1.4079999999999997,0.5614893617021276,0.3124877568943981
21.0,1.75,0.03704510326187331,0.7923147955241768,1.0,1.0,1.0,1.0,1.0,0.8327656998265786,5.82935989878605,5.82935989878605,1.6426666666666665,0.5614893617021276,0.3124877568943981
21.0,2.0,0.03704510326187331,0.7923147955241768,1.0,1.0,1.0,1.0,1.0,0.8327656998265786,5.82935989878605,5.82935989878605,1.8773333333333333,0.5614893617021276,0.3124877568943981
21.0,2.25,0.023872486808727434,0.7933153162272222,1.0,1.0,1.0,1.0,1.0,0.8310268290051356,5.817187803035949,5.817187803035949,2.074875,0.5596382978723404,0.3049680624199158
