Temperatura ambiente,Tarifa da energia elétrica,IQB 1,IQB 2,IQB 3,IQB 4,IQB 5,IQB 6,IQB 7,IQB médio,IQB total,Recompensa total,Custo elétrico total,Custo de gás total,Custo de água total
26.0,1.0,0.33464426678101855,0.9643670871427753,0.9961293849305097,0.9976751200091175,0.9983560990746014,0.992666736828227,0.9987110194849178,0.897507102035881,6.282549714251167,6.282549714251167,0.1856672141071528,0.5559361702127659,0.2392002658017452
26.0,1.25,0.33464426678101855,0.9643670871427753,0.9961293849305097,0.9976751200091175,0.9983560990746014,0.992666736828227,0.9987110194849178,0.897507102035881,6.282549714251167,6.282549714251167,0.232084017633941,0.5559361702127659,0.2392002658017452
26.0,1.5,0.37227504875123435,0.9617621986019828,0.9960925242696429,0.9976946069789409,0.9983866146092331,0.9986830780489219,0.9988487536185217,0.9033918321254968,6.323742824878478,6.323742824878478,0.2925796451345249,0.5577872340425531,0.2517677703088892
26.0,1.75,0.37227504875123435,0.9617621986019828,0.9960925242696429,0.9976946069789409,0.9983866146092331,0.9986830780489219,0.9988487536185217,0.9033918321254968,6.323742824878478,6.323742824878478,0.3413429193236124,0.5577872340425531,0.2517677703088892
26.0,2.0,0.37227504875123435,0.9629918954068847,0.9885915634319183,0.9972489538122965,0.9981727765528171,0.9985882514890602,0.99285450010315,0.9015318556496232,6.310722989547362,6.310722989547362,0.3901061935126999,0.5627234042553191,0.2554797679382834
26.0,2.25,0.37227504875123435,0.9617621986019828,0.9960925242696429,0.9976946069789409,0.9983866146092331,0.9986830780489219,0.9988487536185217,0.9033918321254968,6.323742824878478,6.323742824878478,0.4388694677017873,0.5577872340425531,0.2517677703088892
