Temperatura ambiente,Tarifa da energia elétrica,IQB 1,IQB 2,IQB 3,IQB 4,IQB 5,IQB 6,IQB 7,IQB médio,IQB total,Recompensa total,Custo elétrico total,Custo de gás total,Custo de água total
15.0,1.0,1.3796795676949529e-05,0.10814992792295175,0.8527755792115391,0.9599059558380675,0.9578645300028051,0.9515610052939587,0.9569537955528485,0.6838892272311211,4.787224590617848,4.787224590617848,0.9735000000000001,0.9452765957446807,0.3682277870461108
15.0,1.25,1.3796795676949529e-05,0.10814992792295175,0.8527755792115391,0.9599059558380675,0.9578645300028051,0.9515610052939587,0.9569537955528485,0.6838892272311211,4.787224590617848,4.787224590617848,1.2168750000000002,0.9452765957446807,0.3682277870461108
15.0,1.5,1.3796795676949529e-05,0.10814992792295175,0.8407127561163011,0.9594294657164187,0.9582687514556175,0.9516882952256384,0.956979125634902,0.6821774455525009,4.7752421188675065,4.7752421188675065,1.386,0.96131914893617,0.3661964949814885
15.0,1.75,1.3796795676949529e-05,0.10814992792295175,0.8527755792115391,0.9599059558380675,0.9578645300028051,0.9515610052939587,0.9569537955528485,0.6838892272311211,4.787224590617848,4.787224590617848,1.7036249999999997,0.9452765957446807,0.3682277870461108
15.0,2.0,1.3796795676949529e-05,0.10814992792295175,0.8527755792115391,0.9599059558380675,0.9578645300028051,0.9515610052939587,0.9569537955528485,0.6838892272311211,4.787224590617848,4.787224590617848,1.9470000000000003,0.9452765957446807,0.3682277870461108
15.0,2.25,1.3796795676949529e-05,0.10814992792295175,0.8527755792115391,0.9599059558380675,0.9578645300028051,0.9515610052939587,0.9569537955528485,0.6838892272311211,4.787224590617848,4.787224590617848,2.190375,0.9452765957446807,0.3682277870461108
