Temperatura ambiente,Tarifa da energia elétrica,IQB 1,IQB 2,IQB 3,IQB 4,IQB 5,IQB 6,IQB 7,IQB médio,IQB total,Recompensa total,Custo elétrico total,Custo de gás total,Custo de água total
23.0,1.0,0.12709364195758285,0.9912877707051528,1.0,1.0,1.0,1.0,1.0,0.8740544875232479,6.118381412662735,6.118381412662735,0.2491994878482907,0.6842765957446809,0.26700199915456824
23.0,1.25,0.12709364195758285,0.9912877707051528,1.0,1.0,1.0,1.0,1.0,0.8740544875232479,6.118381412662735,6.118381412662735,0.31149935981036336,0.6842765957446809,0.26700199915456824
23.0,1.5,0.12709364195758285,0.9912877707051528,1.0,1.0,1.0,1.0,1.0,0.8740544875232479,6.118381412662735,6.118381412662735,0.373799231772436,0.6842765957446809,0.26700199915456824
23.0,1.75,0.12709364195758285,0.9912877707051528,1.0,1.0,1.0,1.0,1.0,0.8740544875232479,6.118381412662735,6.118381412662735,0.4360991037345088,0.6842765957446809,0.26700199915456824
23.0,2.0,0.12709364195758285,0.9912877707051528,1.0,1.0,1.0,1.0,1.0,0.8740544875232479,6.118381412662735,6.118381412662735,0.4983989756965814,0.6842765957446809,0.26700199915456824
23.0,2.25,0.12709364195758285,0.9912877707051528,1.0,1.0,1.0,1.0,1.0,0.8740544875232479,6.118381412662735,6.118381412662735,0.5606988476586541,0.6842765957446809,0.26700199915456824
