Temperatura ambiente,Tarifa da energia elétrica,IQB 1,IQB 2,IQB 3,IQB 4,IQB 5,IQB 6,IQB 7,IQB médio,IQB total,Recompensa total,Custo elétrico total,Custo de gás total,Custo de água total
18.0,1.0,0.0026974149045328657,0.4330407438061241,0.9937072972822559,0.9914565404955792,0.9899347167157497,0.9891845720139356,0.9888398371298941,0.7698373031925815,5.388861122348071,5.388861122348071,0.354820776583647,0.9767446808510638,0.32524403995266515
18.0,1.25,0.0026974149045328657,0.4330407438061241,0.9937072972822559,0.9914565404955792,0.9899347167157497,0.9891845720139356,0.9888398371298941,0.7698373031925815,5.388861122348071,5.388861122348071,0.4435259707295588,0.9767446808510638,0.32524403995266515
18.0,1.5,0.0026974149045328657,0.4330407438061241,0.9937072972822559,0.9914565404955792,0.9899347167157497,0.9891845720139356,0.9888398371298941,0.7698373031925815,5.388861122348071,5.388861122348071,0.5322311648754706,0.9767446808510638,0.32524403995266515
18.0,1.75,0.0026974149045328657,0.4330407438061241,0.9937072972822559,0.9914565404955792,0.9899347167157497,0.9891845720139356,0.9888398371298941,0.7698373031925815,5.388861122348071,5.388861122348071,0.6209363590213823,0.9767446808510638,0.32524403995266515
18.0,2.0,0.0026974149045328657,0.4330407438061241,0.9937072972822559,0.9914565404955792,0.9899347167157497,0.9887239786991285,0.989050224664128,0.7698015595096426,5.388610916567498,5.388610916567498,0.709641553167294,0.9755106382978722,0.32524403995266515
18.0,2.25,0.0026974149045328657,0.4330407438061241,0.9937072972822559,0.9914565404955792,0.9899347167157497,0.9891845720139356,0.9888398371298941,0.7698373031925815,5.388861122348071,5.388861122348071,0.7983467473132058,0.9767446808510638,0.32524403995266515
