Temperatura ambiente,Tarifa da energia elétrica,IQB 1,IQB 2,IQB 3,IQB 4,IQB 5,IQB 6,IQB 7,IQB médio,IQB total,Recompensa total,Custo elétrico total,Custo de gás total,Custo de água total
22.0,1.0,0.060683427781915815,0.7760418309567078,0.9999590785519945,1.0,1.0,1.0,1.0,0.833812048184374,5.8366843372906185,27.544974144607977,0.2668499580069238,0.8002765957446808,0.30447103008658605
22.0,1.25,0.060683427781915815,0.7758893202368143,1.0,1.0,1.0,1.0,1.0,0.8337961068598185,5.83657274801873,27.423389489293342,0.3335827969926816,0.7897872340425531,0.3025214227723897
22.0,1.5,0.06202182386112291,0.776464316360676,0.9999452745261822,1.0,1.0,1.0,1.0,0.8340616306782831,5.838431414747982,27.302132897876163,0.40065438850999235,0.787936170212766,0.3007792286309908
22.0,1.75,0.0632789741937417,0.8276375762955752,1.0,1.0,0.9802075799876863,1.0,1.0,0.8387320186395719,5.871124130477003,27.31538377305478,0.46813207408032176,0.7990425531914893,0.30493017797810085
22.0,2.0,0.0632789741937417,0.766853015010372,0.9997923147664102,1.0,1.0,1.0,1.0,0.8328463291386462,5.8299243039705235,27.288030927989922,0.3630000000000001,0.828659574468085,0.30693101739461137
22.0,2.25,0.06445920055424602,0.8285695486050038,1.0,0.9796324943032197,1.0,1.0,1.0,0.8389516062089243,5.87266124346247,27.051900277837046,0.6019998636482102,0.8002765957446807,0.30712961643419734
