Temperatura ambiente,Tarifa da energia elétrica,IQB 1,IQB 2,IQB 3,IQB 4,IQB 5,IQB 6,IQB 7,IQB médio,IQB total,Recompensa total,Custo elétrico total,Custo de gás total,Custo de água total
29.0,1.0,0.48886896069665897,0.983319362786207,0.9876061589164483,0.9235621851558706,0.9450949971083074,0.947705088203579,0.9488793893408812,0.889290877458279,6.225036142207952,30.231753854269932,0.19249999999999995,0.27025531914893614,0.23817153762089555
29.0,1.25,0.48383182877314646,0.934720448433784,0.9371004285095166,0.9479099966619914,0.9409634165394295,0.949253882903191,0.9418237856146754,0.8765148267765335,6.135603787435734,29.800069672323033,0.18562499999999998,0.2793049645390071,0.22739430031662772
29.0,1.5,0.4643159791613234,0.9167961818267057,0.9367001330503545,0.9476665963213547,0.9408590313958486,0.9491508027075489,0.9418271137237387,0.8710451197409821,6.097315838186875,29.859785321702013,0.052250000000000026,0.30234042553191487,0.21995344370044415
29.0,1.75,0.4843691149431742,0.9440832942964515,0.9461194952278151,0.9401186477349812,0.8176233669500751,0.9415879191165236,0.9495545768116189,0.8604937735829485,6.02345641508064,28.923646155616105,0.34329166666666666,0.27190070921985815,0.23515187723390651
29.0,2.0,0.4900332480893023,0.9846148515367386,1.0,0.8793582034716904,0.9071354941379749,0.9265165066633756,0.9438787275561342,0.8759338616364595,6.131537031455216,29.30331934328312,0.4143333333333333,0.2719007092198581,0.2537984381064309
29.0,2.25,0.47025009390370326,0.9461547174025998,0.946401947050963,0.9400871609241577,0.9489127769134168,0.941547659181869,0.9493798116365442,0.8775334524304649,6.142734167013254,29.41994683016328,0.400125,0.2690212765957447,0.2244527283072416
