Temperatura ambiente,Tarifa da energia elétrica,IQB 1,IQB 2,IQB 3,IQB 4,IQB 5,IQB 6,IQB 7,IQB médio,IQB total,Recompensa total,Custo elétrico total,Custo de gás total,Custo de água total
28.0,1.0,0.5919414008735597,0.9599142852359186,0.9643963495234954,0.9382705978059547,0.9567251940572471,0.9579111605035051,0.9692998044711695,0.9054941132101213,6.338458792470849,6.338458792470849,0.15133872621256705,0.45844680851063824,0.21893573042734046
28.0,1.25,0.5919414008735597,0.9599142852359186,0.9643963495234954,0.9382705978059547,0.9567251940572471,0.9579111605035051,0.9692998044711695,0.9054941132101213,6.338458792470849,6.338458792470849,0.18917340776570885,0.45844680851063824,0.21893573042734046
28.0,1.5,0.5919414008735597,0.9599142852359186,0.9643963495234954,0.9382705978059547,0.9567251940572471,0.9579111605035051,0.9584773062288702,0.90394804203265,6.32763629422855,6.32763629422855,0.22700808931885058,0.46585106382978714,0.22073693622079324
28.0,1.75,0.5919414008735597,0.9599142852359186,0.9643963495234954,0.9382705978059547,0.9567251940572471,0.9579111605035051,0.9584773062288702,0.90394804203265,6.32763629422855,6.32763629422855,0.2648427708719924,0.46585106382978714,0.22073693622079324
28.0,2.0,0.5919414008735597,0.9599142852359186,0.9643963495234954,0.9382705978059547,0.9567251940572471,0.9579111605035051,0.9584773062288702,0.90394804203265,6.32763629422855,6.32763629422855,0.3026774524251341,0.46585106382978714,0.22073693622079324
28.0,2.25,0.5919414008735597,0.9599142852359186,0.9643963495234954,0.9382705978059547,0.9567251940572471,0.9579111605035051,0.9584773062288702,0.90394804203265,6.32763629422855,6.32763629422855,0.3405121339782759,0.46585106382978714,0.22073693622079324
