Temperatura ambiente,Tarifa da energia elétrica,IQB 1,IQB 2,IQB 3,IQB 4,IQB 5,IQB 6,IQB 7,IQB médio,IQB total,Recompensa total,Custo elétrico total,Custo de gás total,Custo de água total
19.0,1.0,0.007163257399782544,0.5947933535398716,1.0,0.9939800187786921,1.0,0.9918420372625504,1.0,0.7982540952829852,5.587778666980896,5.587778666980896,0.33243992277432843,0.9156595744680851,0.3141471888024485
19.0,1.25,0.007163257399782544,0.5947933535398716,0.997300489729022,1.0,1.0,0.9918977356765262,1.0,0.7987364051921718,5.591154836345202,5.591154836345202,0.41554990346791054,0.9150425531914893,0.3141471888024485
19.0,1.5,0.007163257399782544,0.5947933732131258,0.9973012290354153,1.0,1.0,0.9918972405545101,1.0,0.7987364428861191,5.591155100202834,5.591155100202834,0.498638117427877,0.9150425531914893,0.3141471888024485
19.0,1.75,0.007163257399782544,0.5947933535398716,1.0,0.9939800187786921,1.0,0.9918420372625504,1.0,0.7982540952829852,5.587778666980896,5.587778666980896,0.5817698648550749,0.9156595744680851,0.3141471888024485
19.0,2.0,0.007163257399782544,0.5947933535398716,0.997300489729022,1.0,1.0,0.9918977356765262,1.0,0.7987364051921718,5.591154836345202,5.591154836345202,0.6648798455486569,0.9150425531914893,0.3141471888024485
19.0,2.25,0.007163257399782544,0.5947933535398716,1.0,0.9939800187786921,1.0,0.9918420372625504,1.0,0.7982540952829852,5.587778666980896,5.587778666980896,0.7479898262422391,0.9156595744680851,0.3141471888024485
