Temperatura ambiente,Tarifa da energia elétrica,IQB 1,IQB 2,IQB 3,IQB 4,IQB 5,IQB 6,IQB 7,IQB médio,IQB total,Recompensa total,Custo elétrico total,Custo de gás total,Custo de água total
24.0,1.0,0.17193326665435674,0.9000623265886979,1.0,1.0,0.9723125994983061,0.9731068622501716,0.9961112380220316,0.8590751847162234,6.013526293013563,28.705889520223437,0.18150000000000005,0.7126595744680851,0.2860823703762992
24.0,1.25,0.17193326665435674,0.90016919575688,1.0,1.0,0.9723136921077106,0.9731046079371299,0.9735053607561968,0.8558608747446106,5.991026123212274,28.49571541359928,0.22687500000000005,0.7175957446808511,0.28806945778124193
24.0,1.5,0.17193326665435674,0.9001458528683327,1.0,0.9969970539104601,0.9948285783694929,0.9959909141633887,0.9970941822007057,0.8652842640238195,6.056989848166737,28.75113611880414,0.27225000000000005,0.705255319148936,0.28405780288061006
24.0,1.75,0.17193326665435674,0.9001037447888293,0.9958114472248678,0.9720502157379175,0.9730145275989959,1.0,0.974080539604041,0.8552848202298584,5.986993741609009,28.288401770609177,0.3176250000000001,0.7212978723404255,0.2900190650954383
24.0,2.0,0.17193326665435674,0.9000879286665393,0.9958294706791035,0.9967600797674534,0.9966585497715108,0.9720040474031546,1.0,0.8618961918488741,6.033273342942119,28.444130335063335,0.3630000000000001,0.7101914893617021,0.2860448902855528
24.0,2.25,0.17481922779186382,0.9015543569070203,0.9942609685638775,0.973242976137801,0.9734725998295493,0.9737416134331627,0.9972354957135247,0.8554753197681141,5.988327238376798,28.113064522582377,0.4083750000000001,0.7194468085106382,0.29237486079098307
