Temperatura ambiente,Tarifa da energia elétrica,IQB 1,IQB 2,IQB 3,IQB 4,IQB 5,IQB 6,IQB 7,IQB médio,IQB total,Recompensa total,Custo elétrico total,Custo de gás total,Custo de água total
30.0,1.0,0.528372504614242,0.9074110085675037,0.9145078776894173,0.9174666479081084,0.918346421816438,0.9187360475671207,0.9189779681829268,0.8605454966208226,6.023818476345758,29.482563550261368,0.0806666666666667,0.26079432624113474,0.21440117189294813
30.0,1.25,0.5044573479253958,0.9240300783790896,0.9134493289554678,0.9165037370674749,0.9181250091757042,0.9186842011768929,0.9190898098329738,0.8591913589304284,6.014339512512999,29.305292092570234,0.15125,0.2505106382978723,0.21339483169688367
30.0,1.5,0.5373260896838076,0.9152361377641236,0.9144609296389297,0.9170214561020519,0.918190552484222,0.9188356983318468,0.9192283710010579,0.8628998907151484,6.040299235006039,29.53484075956252,0.09625000000000003,0.2624397163120567,0.21171569915562666
30.0,1.75,0.5062484146912091,0.925745989818039,0.9132909946837244,0.9166832143368744,0.9182932539743615,0.9185357969652815,0.9190447380347467,0.8596917717863196,6.017842402504237,29.208223209193093,0.20854166666666668,0.2505106382978723,0.21339483169688367
30.0,2.0,0.5457876987478057,0.9140847842285025,0.9147174964460462,0.9171608083997674,0.9183930800237707,0.9188242468944975,0.9192242387904825,0.8640274790758389,6.048192353530872,29.52587794585106,0.12099999999999998,0.2624397163120567,0.2106441054912444
30.0,2.25,0.5549932420470548,0.9145389144615682,0.914706808670383,0.9173566526172993,0.9181643081068268,0.9190260302213336,0.9189416412578799,0.8653896567689064,6.057727597382345,29.551870537506556,0.13199999999999998,0.26326241134751777,0.20950503805765264
