Temperatura ambiente,Tarifa da energia elétrica,IQB 1,IQB 2,IQB 3,IQB 4,IQB 5,IQB 6,IQB 7,IQB médio,IQB total,Recompensa total,Custo elétrico total,Custo de gás total,Custo de água total
22.0,1.0,0.07222061881202695,0.7373705486868939,1.0,1.0,1.0,1.0,1.0,0.8299415953569886,5.809591167498921,27.69282575184974,0.25300000000000006,0.5368085106382977,0.3123215750065658
22.0,1.25,0.07222061881202695,0.7373627657510521,0.9759798408165845,1.0,1.0,1.0,1.0,0.8265090321970947,5.785563225379663,27.4627835559291,0.32541666666666674,0.5154184397163121,0.29878079791957
22.0,1.5,0.07222061881202695,0.5371536434362195,1.0,1.0,1.0,1.0,1.0,0.8013391803211781,5.609374262248247,26.07657997905931,0.5692500000000001,0.5125390070921986,0.31925232508972523
22.0,1.75,0.07222061881202695,0.7372447103644867,1.0,1.0,1.0,1.0,1.0,0.8299236184537876,5.809465329176513,27.268344247864647,0.4716249999999999,0.5273475177304965,0.3083848802874267
22.0,2.0,0.07222061881202695,0.7410542376944523,1.0,1.0,1.0,1.0,1.0,0.8304678366437829,5.81327485650648,27.192272644102303,0.5243333333333335,0.522822695035461,0.3026122767279659
22.0,2.25,0.07222061881202695,0.7618550381233912,1.0,1.0,1.0,1.0,1.0,0.8334393795622026,5.834075656935418,27.29779525910017,0.5321250000000002,0.515418439716312,0.29291458586061003
