Temperatura ambiente,Tarifa da energia elétrica,IQB 1,IQB 2,IQB 3,IQB 4,IQB 5,IQB 6,IQB 7,IQB médio,IQB total,Recompensa total,Custo elétrico total,Custo de gás total,Custo de água total
27.0,1.0,0.4406475006826678,1.0,0.9942563809476066,1.0,1.0,1.0,1.0,0.9192719830900392,6.434903881630275,6.434903881630275,0.88,0.2523617021276595,0.2916257901221345
27.0,1.25,0.43476440255054216,1.0,0.9931961856086776,1.0,1.0,1.0,1.0,0.9182800840227456,6.42796058815922,6.42796058815922,1.102291666666667,0.2523617021276595,0.29372097498084826
27.0,1.5,0.4406475006826678,1.0,0.9942563809476066,1.0,1.0,1.0,1.0,0.9192719830900392,6.434903881630275,6.434903881630275,1.32,0.2523617021276595,0.2916257901221345
27.0,1.75,0.43476440255054216,1.0,0.9931961856086776,1.0,1.0,1.0,1.0,0.9182800840227456,6.42796058815922,6.42796058815922,1.5432083333333333,0.2523617021276595,0.29372097498084826
27.0,2.0,0.4406475006826678,1.0,0.9942563809476066,1.0,1.0,1.0,1.0,0.9192719830900392,6.434903881630275,6.434903881630275,1.76,0.2523617021276595,0.2916257901221345
27.0,2.25,0.43476440255054216,1.0,0.9931961856086776,1.0,1.0,1.0,1.0,0.9182800840227456,6.42796058815922,6.42796058815922,1.9841250000000001,0.2523617021276595,0.29372097498084826
