Temperatura ambiente,Tarifa da energia elétrica,IQB 1,IQB 2,IQB 3,IQB 4,IQB 5,IQB 6,IQB 7,IQB médio,IQB total,Recompensa total,Custo elétrico total,Custo de gás total,Custo de água total
16.0,1.0,0.0002807571076492515,0.1721641199039487,0.9547731510173104,0.9698313907650826,0.9690412829332873,0.9510443587840146,0.9676812035878752,0.712116609157024,4.984816264099168,4.984816264099168,0.4222480577550468,1.0884255319148934,0.3510145857411732
16.0,1.25,0.0002807571076492515,0.1721641199039487,0.9547731510173104,0.9698313907650826,0.9690412829332873,0.9510443587840146,0.9676812035878752,0.712116609157024,4.984816264099168,4.984816264099168,0.5278100721938085,1.0884255319148934,0.3510145857411732
16.0,1.5,0.0002807571076492515,0.1721641199039487,0.9547731510173104,0.9545976576387252,0.9514090770983804,0.9498237234232327,0.9675512729373124,0.7072285370180799,4.950599759126559,4.950599759126559,0.6333720866325702,1.069914893617021,0.3449390588787133
16.0,1.75,0.0002807571076492515,0.1721641199039487,0.9547731510173104,0.9545976576387252,0.9689756432354677,0.950900390315836,0.9495198455745922,0.7073159378276471,4.95121156479353,4.95121156479353,0.738934101071332,1.0729999999999997,0.34493905887871334
16.0,2.0,0.0002807571076492515,0.1721641199039487,0.9547731510173104,0.9698313907650826,0.9690412829332873,0.968378162050292,0.9675947581399393,0.7145805174167871,5.002063621917509,5.002063621917509,0.8444961155100936,1.097063829787234,0.35303212579422766
16.0,2.25,0.0002807571076492515,0.1721641199039487,0.9547731510173104,0.9698313907650826,0.9201461286797636,0.950230535099592,0.9676318928257122,0.7050082821998656,4.935057975399059,4.935057975399059,0.9500581299488553,1.0760851063829786,0.347009958283176
