Temperatura ambiente,Tarifa da energia elétrica,IQB 1,IQB 2,IQB 3,IQB 4,IQB 5,IQB 6,IQB 7,IQB médio,IQB total,Recompensa total,Custo elétrico total,Custo de gás total,Custo de água total
18.0,1.0,0.0026937518411685978,0.3947545528955871,0.9962527526259084,0.9908518547013307,0.9908764791233413,0.9884466100771772,0.9909359341861643,0.7649731336358111,5.354811935450678,24.9434107126721,0.41066666666666674,0.6610354609929077,0.34828017025504754
18.0,1.25,0.0026937518411685978,0.3947545528955871,0.9961846097781716,0.9907531019032935,0.9908288272818414,0.9908571088216681,0.9885952386958667,0.764952455888228,5.3546671912175965,24.745286282286838,0.5087500000000001,0.6622695035460991,0.34828017025504754
18.0,1.5,0.0026937518411685978,0.3947545528955871,0.9961339205061662,0.9908146002799069,0.9908287706952723,0.9908684181256479,0.9886099241196951,0.7649577054947777,5.354703938463444,24.547881366033806,0.60775,0.6618581560283687,0.34828017025504754
18.0,1.75,0.0026937518411685978,0.41067428585825916,1.0,0.9906119440477973,0.9885069067402072,0.9907046204752767,0.9886297725252967,0.7674030402125721,5.371821281488005,24.45758620728212,0.7026250000000002,0.6540425531914893,0.34222764696641816
18.0,2.0,0.0026937518411685978,0.41067428585825916,1.0,0.9906404856885215,0.9906998651097825,0.9908271801468623,0.9908908228748625,0.7680609130742081,5.376426391519456,24.26759972697866,0.8030000000000003,0.6622695035460993,0.34626272707252703
18.0,2.25,0.0026937518411685978,0.41067428585825916,0.9949422379092987,0.9903607781319128,0.9907101708963648,0.9908201980005326,0.990846060046968,0.7672924975263579,5.371047482684505,24.157597217218925,0.8373750000000003,0.6746099290780141,0.34828026712558147
