Temperatura ambiente,Tarifa da energia elétrica,IQB 1,IQB 2,IQB 3,IQB 4,IQB 5,IQB 6,IQB 7,IQB médio,IQB total,Recompensa total,Custo elétrico total,Custo de gás total,Custo de água total
30.0,1.0,0.6125571980386478,0.9245244566485683,0.912210885728203,0.9161251947043306,0.8622271622515517,0.9049540297947681,0.9058288057292595,0.8626325332707614,6.03842773289533,6.03842773289533,0.12169898806364607,0.3813191489361702,0.2101464477292035
30.0,1.25,0.6125571980386478,0.9245244566485683,0.912210885728203,0.9161251947043306,0.9175911412040724,0.9188063810039876,0.9192073474588544,0.8744318006838092,6.121022604786664,6.121022604786664,0.1521237350795576,0.372063829787234,0.2012631926399923
30.0,1.5,0.6125571980386478,0.9245244566485683,0.912210885728203,0.9161251947043306,0.9175911412040724,0.9188063810039876,0.9192073474588544,0.8744318006838092,6.121022604786664,6.121022604786664,0.1825484820954691,0.372063829787234,0.2012631926399923
30.0,1.75,0.6125571980386478,0.9245244566485683,0.912210885728203,0.9161251947043306,0.9175911412040724,0.9188063810039876,0.9192073474588544,0.8744318006838092,6.121022604786664,6.121022604786664,0.21297322911138064,0.372063829787234,0.2012631926399923
30.0,2.0,0.6125571980386478,0.9245244566485683,0.912210885728203,0.9161251947043306,0.9175911412040724,0.9188063810039876,0.9192073474588544,0.8744318006838092,6.121022604786664,6.121022604786664,0.24339797612729214,0.372063829787234,0.2012631926399923
30.0,2.25,0.6125571980386478,0.9245244566485683,0.912210885728203,0.9161251947043306,0.9175911412040724,0.9188063810039876,0.9192073474588544,0.8744318006838092,6.121022604786664,6.121022604786664,0.27382272314320366,0.372063829787234,0.2012631926399923
