Temperatura ambiente,Tarifa da energia elétrica,IQB 1,IQB 2,IQB 3,IQB 4,IQB 5,IQB 6,IQB 7,IQB médio,IQB total,Recompensa total,Custo elétrico total,Custo de gás total,Custo de água total
28.0,1.0,0.5088351621428947,0.9647845351444037,0.96799343255433,0.9679716972834581,0.968417386192274,0.9687980121621101,0.9688696811858816,0.9022385580950504,6.315669906665352,30.676036351436803,0.19249999999999998,0.29329078014184407,0.22402240174811397
28.0,1.25,0.508835162136399,0.9650671835689473,0.9679046720884344,0.9679756484201613,0.9692901936794918,0.9696661682117261,0.9200935549673266,0.8955475118674981,6.268832583072487,30.33940739292405,0.240625,0.29740425531914894,0.22610126711923326
28.0,1.5,0.39169645722770247,0.9310187568883167,0.9674475615894983,0.967706380341158,0.9683147972234877,0.9686384837251999,0.9688974762578626,0.8805314161790322,6.163719913253225,30.06883397145164,0.09625000000000002,0.3278439716312057,0.2294216231832843
28.0,1.75,0.46828038001940453,0.9623015026802011,0.9677137519659305,0.9678821992675086,0.9683770001413771,0.9687698737052329,0.9688547223599604,0.8960256328770878,6.272179430139615,30.19116622761748,0.3176249999999999,0.3019290780141844,0.2325518450664145
28.0,2.0,0.459367565028038,0.9779249137760216,0.9140447232968467,0.9669242622085298,0.9683005457317422,0.9685270237329605,0.968837184860738,0.8891323169478396,6.223926218634877,29.94178302089739,0.31533333333333324,0.30974468085106377,0.23743672475926156
28.0,2.25,0.47065161104353387,0.9622788237426452,0.9677530372771167,0.9677929731283729,0.9693523048095813,0.9689363308018569,0.96959718920288,0.8966231814294269,6.276362270005988,29.993118135846377,0.433125,0.2937021276595744,0.22874108652398373
