Temperatura ambiente,Tarifa da energia elétrica,IQB 1,IQB 2,IQB 3,IQB 4,IQB 5,IQB 6,IQB 7,IQB médio,IQB total,Recompensa total,Custo elétrico total,Custo de gás total,Custo de água total
24.0,1.0,0.2015893825087722,0.9750124035504145,1.0,1.0,1.0,1.0,1.0,0.8823716837227409,6.176601786059186,6.176601786059186,0.22996687879033023,0.6454042553191489,0.2631284602868167
24.0,1.25,0.2015893825087722,0.9750124035504145,1.0,1.0,1.0,1.0,1.0,0.8823716837227409,6.176601786059186,6.176601786059186,0.2874585984879128,0.6454042553191489,0.2631284602868167
24.0,1.5,0.2015893825087722,0.9750124035504145,1.0,1.0,1.0,1.0,1.0,0.8823716837227409,6.176601786059186,6.176601786059186,0.3449503181854953,0.6454042553191489,0.2631284602868167
24.0,1.75,0.2015893825087722,0.9750124035504145,1.0,1.0,1.0,1.0,1.0,0.8823716837227409,6.176601786059186,6.176601786059186,0.4024420378830779,0.6454042553191489,0.2631284602868167
24.0,2.0,0.2015893825087722,0.9750124035504145,1.0,1.0,1.0,1.0,1.0,0.8823716837227409,6.176601786059186,6.176601786059186,0.45993375758066046,0.6454042553191489,0.2631284602868167
24.0,2.25,0.2015893825087722,0.9750124035504145,1.0,1.0,1.0,1.0,1.0,0.8823716837227409,6.176601786059186,6.176601786059186,0.5174254772782431,0.6454042553191489,0.2631284602868167
