Temperatura ambiente,Tarifa da energia elétrica,IQB 1,IQB 2,IQB 3,IQB 4,IQB 5,IQB 6,IQB 7,IQB médio,IQB total,Recompensa total,Custo elétrico total,Custo de gás total,Custo de água total
15.0,1.0,7.746603025694917e-05,0.10775957736068568,0.8224852997383277,0.9551971666054064,0.9506447700955224,0.9510369422542031,0.9564872291229215,0.6776697787439033,4.743688451207324,21.49247126910587,0.5426666666666669,0.7626382978723403,0.37799935572507426
15.0,1.25,7.746603025694917e-05,0.1196260670273321,0.7935053181250349,0.955163480610333,0.950714635566725,0.9509583769233725,0.9563718603347408,0.6752024578025422,4.726417204617795,21.091322729916804,0.6966666666666668,0.7642836879432624,0.3831462718955729
15.0,1.5,7.746603025694917e-05,0.10775957736068568,0.8224853932316938,0.9551076652170554,0.9506268986818297,0.9510106442884227,0.9564623878839718,0.6776471475277023,4.743530032693916,20.94901250987217,0.8140000000000001,0.7626382978723404,0.37799935572507426
15.0,1.75,7.746603025694917e-05,0.10775957736068568,0.8224835458643972,0.9550433838587135,0.9506797841915928,0.950964939113514,0.9511842629163421,0.6768847084765002,4.738192959335501,20.632814311138834,0.9560833333333334,0.7659290780141843,0.38005474085782853
15.0,2.0,7.746603025694917e-05,0.121676650682998,0.7636876294242927,0.9552198664267502,0.95062111572646,0.950996008534601,0.9511579419809603,0.6704909541151884,4.693436678806319,20.091507716703426,1.1073333333333337,0.7733333333333332,0.3876756773281692
15.0,2.25,7.746603025694917e-05,0.10574512438717197,0.8227721515037512,0.9548997655266555,0.9506009793602727,0.9509941947247165,0.9511452427560235,0.6766049891841212,4.736234924288848,20.09414461173461,1.221,0.7655177304964538,0.37951227921317376
