Temperatura ambiente,Tarifa da energia elétrica,IQB 1,IQB 2,IQB 3,IQB 4,IQB 5,IQB 6,IQB 7,IQB médio,IQB total,Recompensa total,Custo elétrico total,Custo de gás total,Custo de água total
25.0,1.0,0.2307521295578645,0.952143065073031,1.0,1.0,1.0,1.0,1.0,0.8832707420901279,6.182895194630896,29.89080478637593,0.18333333333333332,0.4006524822695035,0.2563520378423782
25.0,1.25,0.2779597284676215,0.9491274528491961,0.9764842549688684,0.9972888179866205,1.0,1.0,1.0,0.8858371791817581,6.200860254272307,29.73197050506422,0.30708333333333343,0.39530496453900704,0.2628591350916396
25.0,1.5,0.28831706846178495,0.9541727153701676,1.0,1.0,1.0,1.0,1.0,0.8917842548331362,6.242489783831953,29.974326014415418,0.29149999999999987,0.399418439716312,0.25570446502802824
25.0,1.75,0.23410957166107865,0.9920564313142881,1.0,0.8932856099487212,0.9956994735970548,1.0,1.0,0.8735930123601633,6.115151086521143,29.354193142475385,0.2662916666666666,0.4228652482269503,0.26611370857004596
25.0,2.0,0.28831706846178495,0.9542097822247101,1.0,1.0,1.0,1.0,1.0,0.8917895500980707,6.242526850686495,29.786688653652668,0.38499999999999995,0.400241134751773,0.25570446502802824
25.0,2.25,0.23410957166107865,0.9920564313142881,0.9799938353411486,1.0,1.0,1.0,1.0,0.8865942626166451,6.206159838316515,29.641258207905395,0.36299999999999993,0.40723404255319146,0.25630694112399044
