Temperatura ambiente,Tarifa da energia elétrica,IQB 1,IQB 2,IQB 3,IQB 4,IQB 5,IQB 6,IQB 7,IQB médio,IQB total,Recompensa total,Custo elétrico total,Custo de gás total,Custo de água total
22.0,1.0,0.07227967652882801,0.8835777551727431,1.0,1.0,1.0,1.0,1.0,0.8508367759573673,5.955857431701571,5.955857431701571,0.2686946801798182,0.7540000000000001,0.2847486038019984
22.0,1.25,0.07227967652882801,0.929446284095671,1.0,1.0,1.0,1.0,1.0,0.8573894229463571,6.0017259606244995,6.0017259606244995,0.33618775679298574,0.7472127659574469,0.282688350169602
22.0,1.5,0.07227967652882801,0.929446284095671,1.0,1.0,1.0,1.0,1.0,0.8573894229463571,6.0017259606244995,6.0017259606244995,0.40342530815158284,0.7472127659574469,0.282688350169602
22.0,1.75,0.07227967652882801,0.8835777551727431,1.0,1.0,1.0,1.0,1.0,0.8508367759573673,5.955857431701571,5.955857431701571,0.4702156903146818,0.7540000000000001,0.2847486038019984
22.0,2.0,0.07227967652882801,0.929446284095671,1.0,1.0,1.0,1.0,1.0,0.8573894229463571,6.0017259606244995,6.0017259606244995,0.5379004108687773,0.7472127659574469,0.282688350169602
22.0,2.25,0.07227967652882801,0.929446284095671,1.0,1.0,1.0,1.0,1.0,0.8573894229463571,6.0017259606244995,6.0017259606244995,0.6051379622273744,0.7472127659574469,0.282688350169602
