Temperatura ambiente,Tarifa da energia elétrica,IQB 1,IQB 2,IQB 3,IQB 4,IQB 5,IQB 6,IQB 7,IQB médio,IQB total,Recompensa total,Custo elétrico total,Custo de gás total,Custo de água total
21.0,1.0,0.037080431626779806,0.81694942027915,1.0,1.0,1.0,1.0,1.0,0.8362899788437043,5.8540298519059295,5.8540298519059295,0.2891345043777835,0.8218723404255318,0.30058238309208996
21.0,1.25,0.037080431626779806,0.8527771971274155,1.0,1.0,1.0,1.0,1.0,0.8414082326791708,5.8898576287541955,5.8898576287541955,0.36169615991066584,0.816936170212766,0.298577898659756
21.0,1.5,0.037080431626779806,0.81694942027915,1.0,1.0,1.0,1.0,1.0,0.8362899788437043,5.8540298519059295,5.8540298519059295,0.4337017565666752,0.8218723404255318,0.30058238309208996
21.0,1.75,0.037080431626779806,0.8527771971274155,1.0,1.0,1.0,1.0,1.0,0.8414082326791708,5.8898576287541955,5.8898576287541955,0.5063746238749323,0.816936170212766,0.298577898659756
21.0,2.0,0.037080431626779806,0.8527771971274155,1.0,1.0,1.0,1.0,1.0,0.8414082326791708,5.8898576287541955,5.8898576287541955,0.5787138558570654,0.816936170212766,0.298577898659756
21.0,2.25,0.037080431626779806,0.8527771971274155,1.0,1.0,1.0,1.0,1.0,0.8414082326791708,5.8898576287541955,5.8898576287541955,0.6510530878391986,0.816936170212766,0.298577898659756
