Temperatura ambiente,Tarifa da energia elétrica,IQB 1,IQB 2,IQB 3,IQB 4,IQB 5,IQB 6,IQB 7,IQB médio,IQB total,Recompensa total,Custo elétrico total,Custo de gás total,Custo de água total
20.0,1.0,0.017141023132298972,0.6133047764955394,1.0,0.995009379362518,0.9952854086785367,0.9953958566027569,0.9954849997753809,0.801660206292433,5.611621444047031,5.611621444047031,1.0505,0.6040638297872339,0.3328632109217621
20.0,1.25,0.010210819061374655,0.6637124527364059,1.0,0.9948991489952634,0.9951666888115809,0.9953695087498305,0.9954672802880069,0.8078322712346375,5.654825898642462,5.654825898642462,1.2558333333333334,0.61331914893617,0.32642899640516043
20.0,1.5,0.010210819061374655,0.6637124527364059,1.0,0.9948991489952634,0.9951666888115809,0.9953695087498305,0.9954672802880069,0.8078322712346375,5.654825898642462,5.654825898642462,1.5070000000000001,0.61331914893617,0.32642899640516043
20.0,1.75,0.010210819061374655,0.6637124527364059,1.0,0.9948991489952634,0.9951666888115809,0.9953695087498305,0.9954672802880069,0.8078322712346375,5.654825898642462,5.654825898642462,1.7581666666666664,0.61331914893617,0.32642899640516043
20.0,2.0,0.010210819061374655,0.6637124527364059,1.0,0.9948991489952634,0.9951666888115809,0.9953695087498305,0.9954672802880069,0.8078322712346375,5.654825898642462,5.654825898642462,2.0093333333333336,0.61331914893617,0.32642899640516043
20.0,2.25,0.017141023132298972,0.6593384985464759,1.0,0.9948831452259465,0.9951691864339005,0.9953914993147425,0.9906198548595702,0.8075061725018478,5.6525432075129345,5.6525432075129345,2.198625,0.6133191489361701,0.32370646694438704
