Temperatura ambiente,Tarifa da energia elétrica,IQB 1,IQB 2,IQB 3,IQB 4,IQB 5,IQB 6,IQB 7,IQB médio,IQB total,Recompensa total,Custo elétrico total,Custo de gás total,Custo de água total
29.0,1.0,0.6869925998856,0.941919490822768,0.8981579429556128,0.9390651531623901,0.9036522428122824,0.9249965529936323,0.9418995641479188,0.8909547923971722,6.236683546780205,6.236683546780205,0.13654488224035724,0.425127659574468,0.2173468749578266
29.0,1.25,0.6869925998856,0.941919490822768,0.8981579429556128,0.9390651531623901,0.9036522428122824,0.9410450541339918,0.9050671435234608,0.8879856610423008,6.215899627296106,6.215899627296106,0.17068110280044652,0.42944680851063827,0.2192028737725237
29.0,1.5,0.6869925998856,0.941919490822768,0.9359348431774737,0.939111753929556,0.9406889714186023,0.9411001412588121,0.9416213481582643,0.9039098783787253,6.327369148651077,6.327369148651077,0.20481732336053585,0.4152553191489361,0.20823125994807404
29.0,1.75,0.6869925998856,0.941919490822768,0.9359348431774737,0.939111753929556,0.9406889714186023,0.9411001412588121,0.9416213481582643,0.9039098783787253,6.327369148651077,6.327369148651077,0.23895354392062515,0.4152553191489361,0.20823125994807404
29.0,2.0,0.6869925998856,0.941919490822768,0.9359348431774737,0.939111753929556,0.9406889714186023,0.9048050263940597,0.9413261997132253,0.898682697905898,6.290778885341286,6.290778885341286,0.2730897644807145,0.42080851063829783,0.21188846455622393
29.0,2.25,0.6869925998856,0.941919490822768,0.9359348431774737,0.939111753929556,0.9406889714186023,0.9411001412588121,0.9416213481582643,0.9039098783787253,6.327369148651077,6.327369148651077,0.30722598504080373,0.4152553191489361,0.20823125994807404
