Temperatura ambiente,Tarifa da energia elétrica,IQB 1,IQB 2,IQB 3,IQB 4,IQB 5,IQB 6,IQB 7,IQB médio,IQB total,Recompensa total,Custo elétrico total,Custo de gás total,Custo de água total
30.0,1.0,0.48590352145534754,1.0,1.0,0.9982069141276201,1.0,1.0,1.0,0.9263014907975669,6.484110435582968,6.484110435582968,0.6343333333333333,0.1906595744680851,0.27348870797556707
30.0,1.25,0.48590352145534754,1.0,1.0,0.9982069141276201,1.0,1.0,1.0,0.9263014907975669,6.484110435582968,6.484110435582968,0.7929166666666667,0.1906595744680851,0.27348870797556707
30.0,1.5,0.48590352145534754,1.0,1.0,0.9982069141276201,1.0,1.0,1.0,0.9263014907975669,6.484110435582968,6.484110435582968,0.9514999999999999,0.1906595744680851,0.27348870797556707
30.0,1.75,0.48590352145534754,1.0,1.0,0.9982069141276201,1.0,1.0,1.0,0.9263014907975669,6.484110435582968,6.484110435582968,1.1100833333333333,0.1906595744680851,0.27348870797556707
30.0,2.0,0.48590352145534754,1.0,1.0,0.9982069141276201,1.0,1.0,1.0,0.9263014907975669,6.484110435582968,6.484110435582968,1.2686666666666666,0.1906595744680851,0.27348870797556707
30.0,2.25,0.48590352145534754,1.0,1.0,0.9982069141276201,1.0,1.0,1.0,0.9263014907975669,6.484110435582968,6.484110435582968,1.42725,0.1906595744680851,0.27348870797556707
