Temperatura ambiente,Tarifa da energia elétrica,IQB 1,IQB 2,IQB 3,IQB 4,IQB 5,IQB 6,IQB 7,IQB médio,IQB total,Recompensa total,Custo elétrico total,Custo de gás total,Custo de água total
17.0,1.0,0.000266398059061856,0.30857936001865127,0.9311811010613188,0.9782772311480145,0.9828086812206217,0.9767662216495931,0.9816995490643111,0.737082648888796,5.159578542221572,5.159578542221572,1.0908333333333333,0.7570851063829785,0.3488430189088522
17.0,1.25,0.000266398059061856,0.30857936001865127,0.9311811010613188,0.9782772311480145,0.9828086812206217,0.9767662216495931,0.9816995490643111,0.737082648888796,5.159578542221572,5.159578542221572,1.3635416666666667,0.7570851063829785,0.3488430189088522
17.0,1.5,0.000266398059061856,0.30857936001865127,0.9311811010613188,0.9782772311480145,0.9828086812206217,0.9767662216495931,0.9816995490643111,0.737082648888796,5.159578542221572,5.159578542221572,1.6362499999999998,0.7570851063829785,0.3488430189088522
17.0,1.75,0.000266398059061856,0.30857936001865127,0.9311811010613188,0.9782772311480145,0.9828086812206217,0.9767662216495931,0.9816995490643111,0.737082648888796,5.159578542221572,5.159578542221572,1.908958333333333,0.7570851063829785,0.3488430189088522
17.0,2.0,0.000266398059061856,0.30857936001865127,0.9311811010613188,0.9782772311480145,0.9828086812206217,0.9767662216495931,0.9816995490643111,0.737082648888796,5.159578542221572,5.159578542221572,2.1816666666666666,0.7570851063829785,0.3488430189088522
17.0,2.25,0.000266398059061856,0.30857936001865127,0.9311811010613188,0.9603577648324578,0.9834867798355755,0.9766135855700501,0.9765834764659265,0.7338669236918631,5.137068465843042,5.137068465843042,2.4007500000000004,0.7811489361702126,0.35293885079795734
