Temperatura ambiente,Tarifa da energia elétrica,IQB 1,IQB 2,IQB 3,IQB 4,IQB 5,IQB 6,IQB 7,IQB médio,IQB total,Recompensa total,Custo elétrico total,Custo de gás total,Custo de água total
25.0,1.0,0.288434821233983,0.963332872592605,1.0,1.0,1.0,1.0,1.0,0.8931096705466555,6.251767693826588,6.251767693826588,0.21189103607256143,0.5935744680851063,0.2537173776230855
25.0,1.25,0.288434821233983,0.963332872592605,1.0,1.0,1.0,1.0,1.0,0.8931096705466555,6.251767693826588,6.251767693826588,0.2648637950907018,0.5935744680851063,0.2537173776230855
25.0,1.5,0.288434821233983,0.963332872592605,1.0,1.0,1.0,1.0,1.0,0.8931096705466555,6.251767693826588,6.251767693826588,0.3178365541088421,0.5935744680851063,0.2537173776230855
25.0,1.75,0.288434821233983,0.963332872592605,1.0,1.0,1.0,1.0,1.0,0.8931096705466555,6.251767693826588,6.251767693826588,0.3708093131269825,0.5935744680851063,0.2537173776230855
25.0,2.0,0.288434821233983,0.963332872592605,1.0,1.0,1.0,1.0,1.0,0.8931096705466555,6.251767693826588,6.251767693826588,0.42378207214512287,0.5935744680851063,0.2537173776230855
25.0,2.25,0.288434821233983,0.963332872592605,1.0,1.0,1.0,1.0,1.0,0.8931096705466555,6.251767693826588,6.251767693826588,0.47675483116326317,0.5935744680851063,0.2537173776230855
