Temperatura ambiente,Tarifa da energia elétrica,IQB 1,IQB 2,IQB 3,IQB 4,IQB 5,IQB 6,IQB 7,IQB médio,IQB total,Recompensa total,Custo elétrico total,Custo de gás total,Custo de água total
17.0,1.0,0.0009148976169231408,0.29469564443300955,0.9759802578445413,0.98115526304342,0.9763191193688205,0.9764421836020638,0.9765052245015701,0.7402875129157641,5.1820125904103485,23.95195806464731,0.4510000000000001,0.6976453900709219,0.3584594973335057
17.0,1.25,0.0009148976169231408,0.29411740555305504,0.9603813492636248,0.9764061692357283,0.9764361221315584,0.9764955869587464,0.9765295375547902,0.7373258669020608,5.161281068314426,23.601737754362176,0.5683333333333335,0.7038156028368794,0.364185317706413
17.0,1.5,0.0009148976169231408,0.29411740555305504,0.9707893646972541,0.97643716994186,0.9764451902829837,0.976496385702369,0.9765307861966768,0.7388187428558746,5.171731199991122,23.437912592204643,0.6792500000000001,0.7001134751773049,0.3621299325736587
17.0,1.75,0.0005044930332668002,0.24811675916204998,0.9583088269021742,0.9763959084129603,0.976427314688892,0.9764872506302554,0.9765267854517827,0.7303953340401973,5.112767338281381,23.00615960389218,0.7443333333333335,0.7058723404255318,0.3631380804225274
17.0,2.0,0.0009148976169231408,0.2939602801117994,0.9683509160093501,0.9763635596573098,0.9763960424185746,0.9764841951403693,0.9765233608547427,0.7384276074012955,5.168993251809069,22.969685893953713,0.905666666666667,0.7013475177304962,0.36259951402780144
17.0,2.25,0.0009148976169231408,0.294924598640795,0.9736230866874641,0.9762871298908978,0.9763887235292964,0.9764754160431782,0.9765111625006524,0.7393035735584581,5.175125014909207,22.83316931531824,0.9900000000000002,0.7025815602836878,0.3598741989441041
