Temperatura ambiente,Tarifa da energia elétrica,IQB 1,IQB 2,IQB 3,IQB 4,IQB 5,IQB 6,IQB 7,IQB médio,IQB total,Recompensa total,Custo elétrico total,Custo de gás total,Custo de água total
26.0,1.0,0.371312585526693,0.9356983636223823,1.0,0.9445935967162914,0.9747284244844912,0.9750936866349387,0.9766427887207381,0.8825813493865048,6.178069445705534,6.178069445705534,0.6801666666666666,0.37761702127659563,0.27135371405082
26.0,1.25,0.37209981009992416,0.9366972405000379,1.0,1.0,1.0,1.0,0.971638369514174,0.8972050600163052,6.280435420114136,6.280435420114136,0.9785416666666668,0.3356595744680851,0.2763111432354208
26.0,1.5,0.371312585526693,0.9356983636223823,1.0,0.9445935967162914,0.9747284244844912,0.9750936866349387,0.9766427887207381,0.8825813493865048,6.178069445705534,6.178069445705534,1.02025,0.37761702127659563,0.27135371405082
26.0,1.75,0.37209981009992416,0.9366972405000379,1.0,1.0,1.0,1.0,0.971638369514174,0.8972050600163052,6.280435420114136,6.280435420114136,1.3699583333333332,0.3356595744680851,0.2763111432354208
26.0,2.0,0.37209981009992416,0.9366972405000379,1.0,1.0,1.0,1.0,0.971638369514174,0.8972050600163052,6.280435420114136,6.280435420114136,1.565666666666667,0.3356595744680851,0.2763111432354208
26.0,2.25,0.37209981009992416,0.9366972405000379,1.0,1.0,1.0,1.0,0.971638369514174,0.8972050600163052,6.280435420114136,6.280435420114136,1.7613750000000004,0.3356595744680851,0.2763111432354208
