Temperatura ambiente,Tarifa da energia elétrica,IQB 1,IQB 2,IQB 3,IQB 4,IQB 5,IQB 6,IQB 7,IQB médio,IQB total,Recompensa total,Custo elétrico total,Custo de gás total,Custo de água total
20.0,1.0,0.017141023728279678,0.5744901327972228,1.0,0.974262675080369,0.9941470628101557,1.0,1.0,0.7942915563451466,5.5600408944160264,5.5600408944160264,1.0523333419114351,0.5978936170212765,0.33180031146443134
20.0,1.25,0.017141023728279626,0.6132425910649162,0.9689588265850474,0.9732339432610481,1.0,0.9442747985949163,1.0,0.7881215976048868,5.516851183234207,5.516851183234207,1.198541671037674,0.657127659574468,0.33902240224538827
20.0,1.5,0.01079956820052768,0.5843145767532417,0.9719084107748676,0.9757359637819383,1.0,0.9957403661958043,1.0,0.7912141265294828,5.538498885706379,5.538498885706379,1.2347499944269655,0.6774893617021276,0.3230529407787187
20.0,1.75,0.006395378172930968,0.7613947534744784,0.9726582381354033,0.9673698979251673,0.9429266245749962,0.9947453487880574,0.9958395593459116,0.8059042572024208,5.641329800416945,5.641329800416945,1.8672500168283779,0.5682765957446808,0.3170019301400837
20.0,2.0,0.017141023728279678,0.5514188576079386,0.9933696924641685,1.0,0.927904312652371,0.9519829166882593,0.9752188947516177,0.7738622425560907,5.417035697892635,5.417035697892635,1.7746666679779686,0.6515744680851063,0.3285883156961194
20.0,2.25,0.017141023728279678,0.6406041351807881,0.993938573788383,0.9939931510857465,1.0,0.9876562988427665,1.0,0.8047618832322805,5.633333182625964,5.633333182625964,2.0666249999077992,0.6250425531914893,0.32133778734762664
