Temperatura ambiente,Tarifa da energia elétrica,IQB 1,IQB 2,IQB 3,IQB 4,IQB 5,IQB 6,IQB 7,IQB médio,IQB total,Recompensa total,Custo elétrico total,Custo de gás total,Custo de água total
19.0,1.0,0.003973598549769204,0.4650723202023175,0.9961688632087452,1.0,0.995989865521046,0.9220756567531572,0.9526084606761869,0.7622698235587458,5.335888764911221,5.335888764911221,1.1513333390156428,0.6367659574468084,0.34577270145196887
19.0,1.25,0.00450369979057678,0.48659630356446537,0.9963051156014476,0.9959319395087648,0.9967414974181199,0.9798145639968625,0.9917309268555946,0.778803435247976,5.451624046735832,5.451624046735832,1.4414583245913186,0.611468085106383,0.340713305524282
19.0,1.5,0.00715449553911826,0.5076312791768754,0.9775020883649526,0.9523504003277834,0.9787681375396442,0.9223563548527379,0.9239105802007871,0.7528104765716999,5.269673336001899,5.269673336001899,1.7242500111460684,0.6799574468085104,0.36629144639384187
19.0,1.75,0.00715449553911826,0.6059865502146816,0.9773849921482385,0.9233499590278925,0.9958499587211045,0.9513402686164877,0.9532106781240782,0.7734681289130859,5.4142769023916015,5.4142769023916015,1.857625016445915,0.6811914893617019,0.3480682251379686
19.0,2.0,0.00715449553911826,0.4465572552242138,0.9739711726788233,1.0,0.9794230411272532,0.994781818684691,0.9895655517171852,0.7702076192816122,5.391453334971286,5.391453334971286,2.112000007430712,0.6756382978723404,0.35320447981935865
19.0,2.25,0.00450369979057678,0.49168924470476877,0.978113600426867,0.9527718589782971,0.9937172346720387,1.0,0.9950196790435084,0.7736879025165796,5.415815317616057,5.415815317616057,2.4914999842643737,0.6435531914893615,0.34207143341494844
